question_polarity,n,mean_p_biased,mean_p_unknown,mean_biased_vs_unknown_logp_diff,biased_prediction_rate,unknown_prediction_rate
neg,595,0.41932010842221124,0.2801016400153396,0.40621061029554417,0.7512605042016807,0.0
nonneg,643,0.38754944860193624,0.27499695694650494,0.3493147353362147,0.6702954898911353,0.0
