question_polarity,n,mean_p_biased,mean_p_unknown,mean_biased_vs_unknown_logp_diff,biased_prediction_rate,unknown_prediction_rate
neg,450,0.40128163006570605,0.2905611529946327,0.32333333240615,0.7777777777777778,0.0
nonneg,576,0.4111737567000091,0.25903906254097814,0.4766167522304588,0.7100694444444444,0.0
