question_polarity,n,mean_p_biased,mean_p_unknown,mean_biased_vs_unknown_logp_diff,biased_prediction_rate,unknown_prediction_rate
neg,230,0.41874139976242314,0.279560275764569,0.4026494496542474,0.7739130434782608,0.0
nonneg,225,0.41707546909650167,0.2601898165543874,0.4743055558204651,0.7377777777777778,0.0
