question_polarity,n,mean_p_biased,mean_p_unknown,mean_biased_vs_unknown_logp_diff,biased_prediction_rate,unknown_prediction_rate
neg,70,0.39909062555858066,0.2960069862859589,0.2993303605488368,0.7714285714285715,0.0
nonneg,101,0.3919066524151528,0.26860938176955323,0.3954207903087729,0.6732673267326733,0.0
