question_polarity,n,mean_p_biased,mean_p_unknown,mean_biased_vs_unknown_logp_diff,biased_prediction_rate,unknown_prediction_rate
neg,666,0.41145565269050655,0.2781909273618513,0.39588025597122695,0.7687687687687688,0.0
nonneg,786,0.41593213404976687,0.26810983977927505,0.44855279913385404,0.767175572519084,0.0
