question_polarity,n,mean_p_biased,mean_p_unknown,mean_biased_vs_unknown_logp_diff,biased_prediction_rate,unknown_prediction_rate
neg,203,0.42298354069000393,0.2780755594592963,0.4212592370404398,0.8275862068965517,0.0
nonneg,170,0.44819221145966476,0.27399241797187746,0.502297796571956,0.8941176470588236,0.0
