question_polarity,n,mean_p_biased,mean_p_unknown,mean_biased_vs_unknown_logp_diff,biased_prediction_rate,unknown_prediction_rate
neg,133,0.46558837379728046,0.2740942744496173,0.5365366525667951,0.8270676691729323,0.0
nonneg,110,0.3957947647029703,0.2776552750983021,0.36477272456342524,0.7090909090909091,0.0
